organisation_or_variant,file,png_file,source_page,asset_url,note,native_width,native_height,quality_note
Ethereum Foundation,partners/ethereum-foundation.svg,png/ethereum-foundation.png,https://ethereum.foundation,https://ethereum.foundation#inline-svg-0,Exact vector geometry extracted from official website header,121,41,
AyaHQ,partners/ayahq-symbol-white.svg,png/ayahq-symbol-white.png,https://www.ayahq.com,https://www.ayahq.com#inline-svg-0,Exact vector geometry extracted from official website header,28,28,
Quai Network,partners/quai-symbol.svg,png/quai-symbol.png,https://www.qu.ai/,https://www.qu.ai/#inline-svg-0,Exact vector geometry extracted from official website header,46,46,
Quai Network wordmark,partners/quai-wordmark.svg,png/quai-wordmark.png,https://www.qu.ai/,https://www.qu.ai/#inline-svg-1,Exact vector geometry extracted from official website header,203,14,
Blip Pay,partners/blip-pay-symbol.svg,png/blip-pay-symbol.png,https://blippay.me,https://blippay.me#inline-svg-0,Exact vector geometry extracted from official website header,100,100,
Avalanche ecosystem,event-collaborators/avalanche-white.svg,png/avalanche-white.png,https://www.avalanche.com/,https://www.avalanche.com/#inline-svg-0,Exact vector geometry extracted from official website header,815,120,
HackMD,partners/hackmd.svg,png/hackmd.png,https://hackmd.io,https://hackmd.io/logo-full.svg,Original asset from organisation website,456,95,
Solana Foundation,programme-context/solana-foundation.svg,png/solana-foundation.png,https://solana.org,https://solana.org/pages/branding/logotype/logo-light.svg,Official Solana Foundation wordmark; relationship attribution is Nigeria Grants Programme,421,72,
Lisk — white,partners/lisk-light.svg,png/lisk-light.png,https://lisk.com,https://lisk.com/assets/lockup-light.svg,Original asset from organisation website,265,92,
Lisk,partners/lisk-dark.svg,png/lisk-dark.png,https://lisk.com,https://lisk.com/assets/lockup-dark.svg,Original asset from organisation website,265,92,
CoreStream,partners/corestream.png,png/corestream.png,https://www.corestream.ng,https://www.corestream.ng/images/Core_logo.png,Original asset from organisation website,774,322,
Axia Hub,partners/axia-hub.png,png/axia-hub.png,https://axiahub.ng/academy,https://axiahub.ng/v2/images/logo/ah-logo.png,Original asset from organisation website,2860,388,
SKYHub Nigeria,partners/skyhub.png,png/skyhub.png,https://skyhubnigeria.com,https://skyhubnigeria.com/wp-content/uploads/2022/08/final-logo.png,Original asset from organisation website,1396,856,
AfriVerse,partners/afriverse.svg,png/afriverse.png,https://afriverseglobal.com,https://afriverseglobal.com/img/navbar/logo.svg,Original asset from organisation website,132,32,
Blockchain for Good Alliance,prodfest-supporters/bga.png,png/bga.png,https://www.chainforgood.org,https://www.chainforgood.org/_next/static/media/BGALogoPrimary.7e5315a5.png,Original asset from organisation website,4876,1316,
Plateau State Government,prodfest-supporters/plateau-government.svg,png/plateau-government.png,https://plateaustate.gov.ng,https://plateaustate.gov.ng/_next/static/media/logomark.b11c9ce4.svg,Original asset from organisation website,122,40,
Sui,hosted-ecosystems/sui.svg,png/sui.png,https://www.sui.io/,https://cdn.prod.website-files.com/68e8e0120513ba12c5cd12e0/691b669368b8677fe201e79a_logo-sui.svg,Original asset from organisation website,64,33,
Starknet Africa profile mark,partners/starknet-africa.jpg,png/starknet-africa.png,https://luma.com/user/starknetafrica,https://images.lumacdn.com/avatars/6y/a18c1932-0475-4382-9246-30190f0fbcdf,Original profile image from organisation Luma account; may have opaque background,3854,3854,
Superteam Nigeria,partners/superteam-nigeria.jpg,png/superteam-nigeria.png,https://luma.com/user/SuperteamNG,https://images.lumacdn.com/avatars/e7/25a949d2-af8e-4bec-be90-4645164e8c5d,Original profile image from organisation Luma account; may have opaque background,584,584,
Base,partners/base-2color.svg,png/base-2color.png,https://github.com/base/brand-kit,https://raw.githubusercontent.com/base/brand-kit/main/logo/Logotype/Digital/Base_lockup_2color.svg,Original asset from organisation website,1280,324,
Base — black,partners/base-black.svg,png/base-black.png,https://github.com/base/brand-kit,https://raw.githubusercontent.com/base/brand-kit/main/logo/Logotype/Digital/Base_lockup_black.svg,Original asset from organisation website,1280,324,
Base — white,partners/base-white.svg,png/base-white.png,https://github.com/base/brand-kit,https://raw.githubusercontent.com/base/brand-kit/main/logo/Logotype/Digital/Base_lockup_white.svg,Original asset from organisation website,1280,324,
Celo,hosted-ecosystems/celo.svg,png/celo.png,https://celo.org,https://celo.org#inline-svg-0,Exact embedded SVG from official homepage,111,25,
Uniswap Foundation,partners/uniswap-foundation.svg,png/uniswap-foundation.png,https://www.uniswapfoundation.org,https://www.uniswapfoundation.org#header-logo,Header vector extracted unchanged; CSS blue resolved to official #05041f,149,35,
The Graph,partners/the-graph-dark.svg,png/the-graph-dark.png,https://thegraph.com/brand/,https://storage.thegraph.com/brand/The%20Graph%20-%20Logo.zip,Original SVG from official brand ZIP,238,56,
The Graph — white,partners/the-graph-light.svg,png/the-graph-light.png,https://thegraph.com/brand/,https://storage.thegraph.com/brand/The%20Graph%20-%20Logo.zip,Original SVG from official brand ZIP,238,56,
nHub,partners/nhub.png,png/nhub.png,https://nhubnigeria.ng,https://res.cloudinary.com/nhubnacademy/image/upload/v1678914860/nhubNigeria/Union_tnkbgd.png,Original nHub website asset,73,54,Small source: request a larger original for prominent display
Sunnah Tech Lab,partners/sunnah-tech-lab.jpg,png/sunnah-tech-lab.png,https://nnia.ng/members,https://nnia.ng/assets/stl-d1845b5a.jpg,Logo published by Northern Nigeria Innovation Alliance in its member directory; not obtained from brand owner,4580,4580,
Scroll,hosted-ecosystems/scroll.svg,png/scroll.png,https://scroll.io,https://scroll.io#header-logo,Exact inline logo from official homepage,228,225,
NACOS UniJos,partners/nacos-unijos.png,png/nacos-unijos.png,https://gdg.community.dev/events/details/google-gdg-on-campus-university-of-jos-jos-nigeria-presents-end-of-year-tech-hangout-and-games/,"https://res.cloudinary.com/startup-grind/image/upload/c_fill,dpr_2,f_auto,g_center,q_auto:good/v1/gcs/platform-data-goog/sponsors/NACOS%2520for%2520Patner_ZQeYd7V.png",Chapter logo published on GDG on Campus University of Jos event partner page,700,350,
